<?xml version="1.0" encoding="UTF-8"?>
<configuration>
	<include resource="org/springframework/boot/logging/logback/defaults.xml" />

	<appender name="CONSOLE" class="ch.qos.logback.core.ConsoleAppender">
		<encoder>
			<pattern>${CONSOLE_LOG_PATTERN}</pattern>
			<charset>utf8</charset>
		</encoder>
	</appender>

	<springProfile name="!dev, !test, !accept, !prod, !demo">		
		<root level="INFO">
			<appender-ref ref="CONSOLE" />
		</root>
	</springProfile>

	<springProfile name="dev, test, accept, prod, demo">
		<appender name="FILE" class="ch.qos.logback.core.rolling.RollingFileAppender">
			<encoder>
				<pattern>${FILE_LOG_PATTERN}</pattern>
			</encoder>
			<file>/logs/applications/surveyservice/surveyservice.log</file>
			<rollingPolicy class="ch.qos.logback.core.rolling.SizeAndTimeBasedRollingPolicy">
				<fileNamePattern>/logs/applications/surveyservice/surveyservice-%d{yyyy-MM-dd}.%i.log</fileNamePattern>
				<maxFileSize>10MB</maxFileSize>
				<maxHistory>30</maxHistory>
			</rollingPolicy>
		</appender>
	
		<root level="INFO">
			<appender-ref ref="FILE" />
		</root>
	</springProfile>

</configuration>
